A0A009I3Y5	sp|W7JX98|KGP_PLAFO	36.782	87	52	2	78	161	644	730	1.45e-06	48.5
A0A009I3Y5	sp|P9WI79|PKND_MYCTU	38.961	77	42	2	91	162	133	209	2.65e-06	47.8
A0A009I3Y5	sp|P54744|PKNB_MYCLE	33.333	81	48	2	88	162	130	210	5.91e-06	46.6
A0A009I3Y5	sp|P41719|PK1_NPVHZ	34.177	79	50	2	84	161	122	199	8.48e-06	45.8
A0A009I3Y5	sp|O10269|PK1_NPVOP	34.118	85	51	3	84	165	121	203	9.63e-06	45.4
A0A009PCK4	sp|W7JX98|KGP_PLAFO	36.782	87	52	2	78	161	644	730	7.89e-07	49.3
A0A009PCK4	sp|P9WI79|PKND_MYCTU	38.961	77	42	2	91	162	133	209	2.51e-06	47.8
A0A009PCK4	sp|P54744|PKNB_MYCLE	33.333	81	48	2	88	162	130	210	4.65e-06	47.0
A0A009PCK4	sp|P49139|MAPK2_RABIT	24.161	149	92	4	16	158	87	220	4.96e-06	46.6
A0A009PCK4	sp|P41719|PK1_NPVHZ	34.177	79	50	2	84	161	122	199	6.98e-06	45.8
A0A009PCK4	sp|O10269|PK1_NPVOP	34.118	85	51	3	84	165	121	203	9.11e-06	45.4
A0A001	sp|Q2YU20|Y1799_STAAB	27.831	521	319	14	72	572	91	574	3.61e-45	168
A0A001	sp|O07550|YHEI_BACSU	27.160	405	255	9	171	562	184	561	5.29e-37	145
A0A001	sp|Q8P8W4|MSBA_XANCP	36.100	241	146	4	331	563	332	572	3.05e-33	134
A0A001	sp|P0C087|LKB14_MANHA	24.869	571	368	15	17	564	163	695	1.46e-32	133
A0A001	sp|Q9RCG7|PAXB_PASAE	25.391	575	354	18	17	561	166	695	3.51e-32	132
A0A001	sp|Q0WML0|AB27B_ARATH	36.598	194	117	2	377	564	431	624	2.76e-30	125
A0A001	sp|P40416|ATM1_YEAST	37.321	209	121	4	373	572	465	672	1.96e-29	123
A0A001	sp|Q5X498|MSBA_LEGPA	29.787	235	158	3	343	571	341	574	2.01e-29	123
A0A001	sp|Q4FS42|MSBA_PSYA2	30.932	236	155	3	343	571	356	590	2.19e-29	123
A0A001	sp|Q10418|MESD_LEUME	25.758	462	303	11	113	561	276	710	7.66e-29	122
A0A001	sp|Q02592|HMT1_SCHPO	25.047	531	344	15	71	581	331	827	4.51e-28	119
A0A001	sp|Q5PGH0|MSBA_SALPA	31.535	241	155	4	343	573	341	581	3.51e-27	116
A0A001	sp|Q2NUA5|MSBA_SODGM	32.231	242	152	6	343	573	341	581	9.79e-27	114
A0A001	sp|Q2LVL0|MSBA_SYNAS	33.641	217	137	3	360	570	367	582	1.17e-26	114
A0A001	sp|Q83LP0|MSBA_SHIFL	30.705	241	157	4	343	573	341	581	3.20e-26	113
A0A001	sp|P59653|COMA_STRR6	23.667	469	306	10	113	562	271	706	3.58e-25	110
A0A001	sp|Q5E0F2|MSBA_ALIF1	31.120	241	156	4	343	573	341	581	1.54e-24	108
A0A001	sp|Q9NP58|ABCB6_HUMAN	27.596	337	215	7	255	583	522	837	4.13e-24	107
A0A001	sp|Q9WYC4|Y288_THEMA	21.673	526	374	11	45	561	81	577	6.33e-24	106
A0A001	sp|P44407|MSBA_HAEIN	30.126	239	159	5	331	561	333	571	8.16e-24	105
A0A001	sp|O70595|ABCB6_RAT	27.536	345	211	8	240	570	505	824	1.17e-23	106
A0A001	sp|Q5B1Q2|ATM1_EMENI	32.039	206	131	3	375	572	484	688	1.37e-23	105
A0A001	sp|Q03727|COMA_STRPN	23.241	469	308	11	113	562	271	706	2.78e-23	104
A0A001	sp|Q03024|APRD_PSEAE	38.462	234	135	4	335	562	326	556	9.62e-23	102
A0A001	sp|Q89A96|MDLB_BUCBP	20.936	406	288	9	173	571	192	571	2.91e-22	100
A0A001	sp|P23886|CYDC_ECOLI	32.143	224	146	4	344	562	339	561	7.21e-22	99.8
A0A001	sp|Q2A1U9|MSBA_FRATH	30.693	202	130	3	377	572	404	601	1.03e-21	99.4
A0A001	sp|Q28433|TAP1_GORGO	28.736	348	211	9	226	561	408	730	5.87e-21	97.4
A0A001	sp|Q13BH6|NDVA_RHOPS	32.719	217	137	5	353	562	354	568	1.21e-20	96.3
A0A001	sp|P54719|YFIC_BACSU	32.461	191	122	3	377	561	399	588	1.77e-20	95.5
A0A001	sp|P57551|MDLA_BUCAI	23.301	309	207	5	255	556	269	554	3.93e-20	94.4
A0A001	sp|P9WQJ3|FATRP_MYCTU	25.309	486	313	11	102	569	177	630	1.29e-19	92.8
A0A001	sp|P45082|CYDD_HAEIN	32.653	196	125	5	369	560	376	568	1.74e-19	92.4
A0A001	sp|Q8LPQ6|AB28B_ARATH	32.857	210	134	3	360	562	488	697	4.27e-19	91.7
A0A001	sp|Q20Z38|NDVA_RHOPB	23.539	599	378	16	1	562	13	568	2.40e-18	89.0
A0A001	sp|Q04EY4|ECFA3_OENOB	27.966	236	151	7	343	562	2	234	8.53e-18	84.3
A0A001	sp|Q88YK7|PSTB2_LACPL	30.380	237	144	9	355	573	15	248	8.78e-18	83.6
A0A001	sp|Q66D71|MODC_YERPS	37.681	207	105	9	372	565	26	221	1.29e-17	84.7
A0A001	sp|Q8R7Y5|ECFA2_CALS4	28.326	233	143	7	354	570	17	241	2.23e-17	83.2
A0A001	sp|Q5HIL5|METN1_STAAC	31.651	218	128	9	359	562	20	230	4.15e-17	83.2
A0A001	sp|Q1J982|ECFA1_STRPB	31.841	201	125	5	375	567	38	234	4.58e-17	82.0
A0A001	sp|Q8NY21|METN1_STAAW	31.651	218	128	9	359	562	20	230	4.59e-17	83.2
A0A001	sp|P44785|METN_HAEIN	32.906	234	128	9	343	562	12	230	5.35e-17	82.8
A0A001	sp|Q5X9B5|ECFA1_STRP6	31.343	201	126	5	375	567	38	234	5.57e-17	81.6
A0A001	sp|Q1JJC9|ECFA1_STRPC	31.343	201	126	5	375	567	38	234	5.78e-17	81.6
A0A001	sp|Q9FVV9|NAP5_ARATH	35.246	122	76	2	443	561	2	123	7.54e-17	82.0
A0A001	sp|P0AAH0|PSTB_ECOLI	30.833	240	139	11	336	556	5	236	8.71e-17	80.5
A0A001	sp|Q3JYF4|ECFA1_STRA1	30.660	212	125	6	358	556	21	223	1.05e-16	80.9
A0A001	sp|Q58418|PSTB_METJA	29.333	225	136	8	355	561	16	235	1.08e-16	80.1
A0A001	sp|Q8GNH6|NODI_RHIML	35.938	192	99	8	377	555	69	249	2.25e-16	80.9
A0A001	sp|Q8E2L3|ECFA2_STRA3	31.839	223	133	7	354	560	17	236	2.28e-16	79.7
A0A001	sp|Q2YYM4|ECFA1_STAAB	29.864	221	129	8	356	561	21	230	3.33e-16	79.3
A0A001	sp|Q3KJS6|METN2_PSEPF	35.071	211	126	6	360	561	51	259	3.43e-16	80.9
A0A001	sp|Q7W8Q6|PSTB_BORPA	29.167	240	146	9	340	561	8	241	3.47e-16	79.0
A0A001	sp|Q57554|Y089_METJA	28.293	205	134	4	360	555	21	221	3.92e-16	78.6
A0A001	sp|Q97EK9|ECFA2_CLOAB	27.468	233	152	10	344	561	3	233	5.01e-16	79.0
A0A001	sp|P0CZ38|PSTB2_STRP3	26.724	232	145	9	344	556	21	246	7.02e-16	78.2
A0A001	sp|Q31VE6|NIKE_SHIBS	28.807	243	151	8	348	574	17	253	9.54e-16	77.8
A0A001	sp|Q2KVN7|PSTB_BORA1	28.692	237	145	9	343	561	11	241	1.10e-15	77.4
A0A001	sp|Q6GEL4|ECFA2_STAAR	30.047	213	129	8	354	551	17	224	1.37e-15	77.8
A0A001	sp|Q65HB9|PSTB2_BACLD	28.745	247	147	10	332	556	15	254	1.39e-15	77.4
A0A001	sp|Q7WGW1|CYSA_BORBR	32.743	226	139	7	344	560	3	224	1.46e-15	78.6
A0A001	sp|Q7NC40|PSTB_MYCGA	26.667	225	142	7	356	562	90	309	1.80e-15	77.8
A0A001	sp|A0R8K9|ECFA2_BACAH	31.441	229	127	8	362	570	25	243	2.68e-15	77.0
A0A001	sp|Q9RR46|GBUA_LISM4	29.515	227	136	7	352	562	35	253	2.85e-15	78.2
A0A001	sp|P69880|PSTB_STAAW	26.106	226	144	8	355	562	47	267	3.22e-15	76.6
A0A001	sp|Q98FL5|PSTB_RHILO	30.918	207	120	8	343	532	20	220	3.76e-15	75.9
A0A001	sp|Q5KX47|PSTB_GEOKA	29.545	220	130	9	355	555	36	249	5.35e-15	75.9
A0A001	sp|Q7VZE5|CYSA_BORPE	33.040	227	137	8	344	560	3	224	5.46e-15	77.0
A0A001	sp|Q9KTJ5|METN_VIBCH	30.594	219	131	6	358	562	19	230	7.73e-15	76.3
A0A001	sp|Q0TMS8|ECFA2_CLOP1	28.279	244	150	10	337	570	14	242	8.00e-15	75.5
A0A001	sp|Q5YZY9|CYSA_NOCFA	32.159	227	120	7	352	560	9	219	9.06e-15	75.9
A0A001	sp|Q5LZU2|PSTB2_STRT1	30.041	243	134	10	336	556	3	231	1.01e-14	74.3
A0A001	sp|A0K5N5|METN1_BURCH	32.328	232	139	8	344	561	2	229	1.02e-14	75.9
A0A001	sp|Q71WH7|ECFA1_LISMF	29.515	227	142	6	358	573	21	240	1.07e-14	75.1
A0A001	sp|Q2W8B4|PSTB1_PARM1	31.707	205	122	6	343	532	12	213	1.37e-14	74.3
A0A001	sp|Q2FNX9|ECFA1_METHJ	29.185	233	142	7	344	562	4	227	1.89e-14	74.3
A0A001	sp|Q8Y454|ECFA1_LISMO	29.075	227	143	6	358	573	21	240	1.96e-14	74.3
A0A001	sp|Q2SRI2|ECFA2_MYCCT	28.947	228	141	8	351	562	18	240	2.27e-14	73.9
A0A001	sp|Q9KLL9|MODC_VIBCH	33.333	225	124	10	362	573	18	229	2.29e-14	75.1
A0A001	sp|Q9K8L5|PSTB_HALH5	29.577	213	131	9	355	551	42	251	2.73e-14	73.6
A0A001	sp|Q0BH79|METN1_BURCM	32.759	232	138	8	344	561	2	229	2.74e-14	74.7
A0A001	sp|Q8DPB4|PSTB2_STRR6	27.273	198	122	6	353	533	29	221	2.78e-14	73.6
A0A001	sp|Q3Z542|TAUB_SHISS	30.841	214	131	6	349	551	2	209	3.65e-14	72.8
A0A001	sp|D8KFN1|METN_LACLN	28.448	232	139	8	360	566	24	253	3.68e-14	74.3
A0A001	sp|Q4ZZK0|METN2_PSEU2	32.941	255	147	10	324	561	14	261	3.86e-14	74.3
A0A001	sp|Q8Y7R4|Y1207_LISMO	30.213	235	136	9	344	559	2	227	4.41e-14	72.8
A0A001	sp|Q928L8|METN2_LISIN	34.101	217	127	10	346	551	8	219	4.70e-14	73.9
A0A001	sp|Q1D320|PSTB_MYXXD	31.330	233	142	8	344	561	1	230	5.52e-14	72.4
A0A001	sp|Q9HPH7|Y1631_HALSA	33.333	216	126	6	363	567	20	228	5.82e-14	72.0
A0A001	sp|Q1AXT9|PSTB_RUBXD	30.348	201	111	8	353	532	41	233	7.45e-14	72.4
A0A001	sp|Q83MG3|THIQ_SHIFL	33.184	223	121	7	364	571	19	228	8.79e-14	71.2
A0A001	sp|Q8YUV1|PHNC1_NOSS1	31.308	214	128	7	360	555	22	234	1.06e-13	71.6
A0A001	sp|Q8TIX0|Y4020_METAC	27.444	266	165	7	317	562	13	270	1.14e-13	72.4
A0A001	sp|Q88C57|PSTB2_PSEPK	31.343	201	106	6	355	533	41	231	1.15e-13	71.6
A0A001	sp|Q03ZL6|ECFA1_LEUMM	29.767	215	129	5	362	562	22	228	1.31e-13	71.6
A0A001	sp|Q4L884|ECFA2_STAHJ	25.592	211	141	7	354	551	17	224	1.34e-13	71.6
A0A001	sp|Q3JSR6|SSUB_BURP1	37.056	197	105	6	360	551	89	271	1.38e-13	72.4
A0A001	sp|Q10YP7|PSTB_TRIEI	27.928	222	136	7	355	557	27	243	1.44e-13	71.6
A0A001	sp|Q3JTS8|PSTB_BURP1	28.980	245	147	11	337	561	28	265	1.45e-13	71.6
A0A001	sp|Q9Z411|PSTB_PSEPU	31.343	201	106	6	355	533	41	231	1.45e-13	71.6
A0A001	sp|P63364|PSTB1_LISIN	27.442	215	133	8	355	551	23	232	1.95e-13	70.9
A0A001	sp|Q3IS07|PSTB1_NATPD	31.429	210	124	8	358	551	51	256	3.73e-13	70.5
A0A001	sp|P48334|YCXD_CYAPA	25.837	209	121	8	342	532	7	199	4.08e-13	69.7
A0A001	sp|Q2EHL8|MACB_AGGAC	30.189	212	134	5	352	551	11	220	4.15e-13	72.4
A0A001	sp|Q81IN8|METN2_BACCR	29.167	240	138	7	344	562	2	230	4.45e-13	70.9
A0A001	sp|Q634R8|PSTB_BACCZ	29.412	221	132	9	355	556	35	250	6.05e-13	69.7
A0A001	sp|B2K3G1|LSRA_YERPB	28.632	234	132	9	339	556	9	223	6.26e-13	71.6
A0A001	sp|Q7MFH3|Y4347_VIBVY	31.081	222	126	9	360	562	20	233	6.90e-13	71.6
A0A001	sp|Q7MFH3|Y4347_VIBVY	26.360	239	155	6	344	569	299	529	9.18e-12	67.8
A0A001	sp|Q1CJS9|FBPC_YERPN	31.579	209	131	7	360	560	19	223	8.37e-13	70.1
A0A001	sp|Q668Q3|FBPC_YERPS	31.579	209	131	7	360	560	19	223	9.50e-13	70.1
A0A001	sp|Q895Y0|PSTB_CLOTE	27.461	193	123	5	355	533	14	203	1.32e-12	68.2
A0A001	sp|Q0T8D1|THIQ_SHIF8	33.178	214	115	7	364	562	19	219	1.63e-12	67.4
A0A001	sp|Q67JX3|ECFA1_SYMTH	36.321	212	124	7	359	562	29	237	2.01e-12	68.2
A0A001	sp|Q5MK06|MACB_NEIGO	30.992	242	138	10	352	574	11	242	2.02e-12	70.1
A0A001	sp|A0K739|SSUB1_BURCH	35.644	202	111	6	355	551	73	260	2.49e-12	68.6
A0A001	sp|Q03P57|METN_LEVBA	31.527	203	124	6	360	551	26	224	2.71e-12	68.6
A0A001	sp|Q73R11|Y282_TREDE	25.688	218	136	8	344	551	269	470	2.77e-12	69.3
A0A001	sp|Q4KBU0|METN3_PSEF5	32.227	211	132	5	360	561	19	227	3.27e-12	68.2
A0A001	sp|Q0IAC3|PSTB_SYNS3	28.139	231	135	7	355	570	28	242	3.34e-12	67.4
A0A001	sp|Q0TFU2|MGLA_ECOL5	26.484	219	143	9	344	550	14	226	4.07e-12	68.9
A0A001	sp|Q0TFU2|MGLA_ECOL5	23.755	261	164	9	331	570	255	501	1.43e-06	51.2
A0A001	sp|Q60AI1|POTA_METCA	30.667	225	142	7	351	567	33	251	4.19e-12	68.2
A0A001	sp|Q8DY54|METN_STRA5	26.695	236	149	8	358	573	24	255	5.64e-12	67.8
A0A001	sp|Q9RKQ4|HMUV_STRCO	33.333	222	129	5	353	562	35	249	5.77e-12	66.6
A0A001	sp|Q13RD3|SSUB2_PARXL	34.259	216	117	7	344	554	28	223	6.55e-12	66.2
A0A001	sp|Q87S48|PSTB1_VIBPA	27.778	234	142	8	355	566	36	264	7.27e-12	66.2
A0A001	sp|Q832Y6|METN1_ENTFA	27.830	212	132	6	358	555	19	223	7.58e-12	67.4
A0A001	sp|P0AAG3|GLTL_ECOLI	33.158	190	105	7	376	551	33	214	7.89e-12	65.9
A0A001	sp|Q2ISN3|PHNC2_RHOP2	30.638	235	141	7	344	560	2	232	8.40e-12	66.2
A0A001	sp|Q5FM17|PSTB2_LACAC	29.412	221	132	8	358	561	21	234	1.05e-11	65.5
A0A001	sp|Q6F9A8|CYSA_ACIAD	30.000	230	135	8	352	565	10	229	1.13e-11	66.6
A0A001	sp|P55339|ECSA_BACSU	26.549	226	149	8	344	560	4	221	1.13e-11	65.5
A0A001	sp|Q5M1F6|METN_STRT1	27.863	262	152	11	358	591	23	275	1.47e-11	66.2
A0A001	sp|Q1RD28|POTA_ECOUT	31.020	245	136	10	332	560	8	235	1.60e-11	66.6
A0A001	sp|Q1H0W2|HMUV_METFK	29.412	221	130	8	360	561	17	230	1.64e-11	65.1
A0A001	sp|P75612|Y081_MYCPN	29.767	215	108	6	363	553	254	449	1.65e-11	67.0
A0A001	sp|Q5P1F3|PSTB_AROAE	31.944	216	115	9	339	532	37	242	1.93e-11	65.5
A0A001	sp|Q9V2C0|WTPC_PYRAB	28.959	221	135	7	360	568	16	226	1.99e-11	65.9
A0A001	sp|Q8ELR4|POTA_OCEIH	28.095	210	127	8	360	556	24	222	2.07e-11	65.9
A0A001	sp|Q2SNX4|PSTB_HAHCH	30.348	201	108	6	355	533	58	248	2.15e-11	65.1
A0A001	sp|P69876|POTA_ECO57	31.020	245	136	10	332	560	8	235	2.16e-11	65.9
A0A001	sp|Q88RL1|ZNUC_PSEPK	33.495	206	114	7	360	560	21	208	2.80e-11	64.3
A0A001	sp|Q49ZD9|ECFA2_STAS1	24.186	215	139	8	354	551	17	224	3.03e-11	64.7
A0A001	sp|Q987E7|RBSA2_RHILO	30.000	210	130	6	360	554	272	479	3.35e-11	65.9
A0A001	sp|Q987E7|RBSA2_RHILO	27.236	246	138	12	344	562	7	238	6.13e-06	49.3
A0A001	sp|Q7MFE8|PSTB2_VIBVY	28.829	222	135	8	353	556	42	258	3.61e-11	64.3
A0A001	sp|A1JJ55|LSRA_YERE8	29.870	231	131	11	339	555	9	222	3.87e-11	65.9
A0A001	sp|Q00752|MSMK_STRMU	27.917	240	142	8	343	560	3	233	4.48e-11	65.1
A0A001	sp|A5VU86|Y2547_BRUO2	27.915	283	160	11	344	591	7	280	4.80e-11	64.3
A0A001	sp|Q21E72|PSTB_SACD2	28.980	245	144	11	340	561	39	276	4.99e-11	64.3
A0A001	sp|Q1MCN6|UGPC1_RHIJ3	29.386	228	140	7	344	560	4	221	5.52e-11	64.7
A0A001	sp|Q6NBT1|CYSA_RHOPA	32.243	214	127	8	355	556	13	220	6.24e-11	64.3
A0A001	sp|Q8REE1|MGLA_FUSNN	23.600	250	153	9	344	566	260	498	6.95e-11	65.1
A0A001	sp|Q8RFV0|LOLD_FUSNN	26.636	214	127	7	358	552	31	233	7.11e-11	62.8
A0A001	sp|Q3Z300|LOLD_SHISS	31.250	208	122	7	360	553	25	225	7.45e-11	62.8
A0A001	sp|P0A2V8|PSTB3_STRPN	27.854	219	128	10	344	543	4	211	7.47e-11	63.2
A0A001	sp|P46903|NATA_BACSU	28.241	216	124	10	360	558	21	222	8.16e-11	62.8
A0A001	sp|O34338|MNTB_BACSU	30.270	185	108	5	360	532	19	194	8.51e-11	62.8
A0A001	sp|Q92N13|HMUV_RHIME	32.057	209	115	7	372	561	29	229	1.06e-10	62.8
A0A001	sp|Q21QL9|CCMA_ALBFT	33.750	160	82	6	360	509	22	167	1.12e-10	61.6
A0A001	sp|Q659V4|HMUV_PHODD	29.167	216	141	5	360	565	28	241	1.18e-10	62.8
A0A001	sp|A0A0H3JXA3|CNTD_STAAM	26.009	223	140	6	360	561	21	239	1.20e-10	62.8
A0A001	sp|Q74E68|PSTB_GEOSL	30.198	202	113	8	353	533	19	213	1.21e-10	62.4
A0A001	sp|Q9PF03|METN_XYLFA	33.503	197	117	8	375	561	36	228	1.47e-10	63.2
A0A001	sp|Q6RCE0|PHNC_STUST	32.569	218	119	7	362	555	22	235	1.65e-10	62.4
A0A001	sp|Q552P3|ABCAB_DICDI	24.057	212	153	5	350	556	468	676	1.74e-10	64.3
A0A001	sp|Q9I6L0|CYSA_PSEAE	29.412	221	132	10	351	556	9	220	1.83e-10	62.8
A0A001	sp|Q896Y2|MGLA_CLOTE	25.000	264	167	11	344	588	8	259	1.98e-10	63.5
A0A001	sp|Q896Y2|MGLA_CLOTE	21.633	245	156	8	344	562	264	498	9.33e-08	55.1
A0A001	sp|Q21BF6|MODC_RHOPB	32.751	229	120	9	347	555	6	220	2.05e-10	63.2
A0A001	sp|Q57QD7|LOLD_SALCH	31.250	208	122	7	360	553	25	225	2.12e-10	61.2
A0A001	sp|Q6NLC1|AB2D_ARATH	22.939	279	168	7	336	570	422	697	2.20e-10	63.9
A0A001	sp|A7ZLX1|LSRA_ECO24	27.632	228	142	10	344	560	12	227	2.29e-10	62.4
A0A001	sp|Q28VL7|THIQ_JANSC	33.333	225	116	11	365	571	20	228	2.31e-10	61.2
A0A001	sp|Q2G1L8|PHNC_STAA8	27.778	198	127	6	341	527	1	193	2.71e-10	61.2
A0A001	sp|Q1MAA2|RGMG_RHIJ3	28.155	206	104	6	375	551	303	493	3.06e-10	63.2
A0A001	sp|Q1GB17|POTA_LACDA	27.556	225	141	7	344	556	4	218	4.19e-10	62.0
A0A001	sp|Q9HYL7|PHNC2_PSEAE	32.258	217	127	7	362	558	22	238	4.63e-10	60.8
A0A001	sp|Q3KKA1|ZNUC_PSEPF	33.493	209	110	9	360	560	21	208	5.47e-10	60.5
A0A001	sp|Q8XHV2|ECFA1_CLOPE	26.383	235	150	6	342	562	9	234	6.05e-10	60.8
A0A001	sp|Q0TMS7|ECFA1_CLOP1	26.383	235	150	6	342	562	9	234	6.05e-10	60.8
A0A001	sp|Q4ZV73|LOLD_PSEU2	34.737	190	105	8	375	551	41	224	6.17e-10	59.7
A0A001	sp|Q1CFV9|PHNC_YERPN	25.847	236	156	7	339	555	20	255	7.60e-10	60.5
A0A001	sp|Q5FFT1|PSTB_EHRRG	24.229	227	146	8	356	562	18	238	7.79e-10	60.1
A0A001	sp|Q11D92|THIQ_CHESB	31.604	212	121	8	364	562	28	228	7.81e-10	59.7
A0A001	sp|P45221|Y1467_HAEIN	28.177	181	105	7	374	547	420	582	8.35e-10	61.6
A0A001	sp|Q2FED7|HRTA_STAA3	27.136	199	131	6	363	551	25	219	1.06e-09	58.9
A0A001	sp|P0A9U2|YBHF_SHIFL	30.899	178	116	5	344	518	6	179	1.12e-09	61.2
A0A001	sp|P0A9U2|YBHF_SHIFL	26.852	216	139	7	361	566	346	552	4.84e-08	56.2
A0A001	sp|Q7VZ31|LOLD_BORPE	32.558	215	108	8	360	552	30	229	1.16e-09	59.3
A0A001	sp|Q5XCA4|POTA_STRP6	31.731	208	122	9	360	556	23	221	1.43e-09	60.5
A0A001	sp|A3DJK3|ECFA1_ACET2	29.208	202	130	5	375	567	43	240	1.48e-09	59.7
A0A001	sp|Q4AA74|ECFA2_MESHJ	23.457	243	156	8	346	562	9	247	1.60e-09	59.7
A0A001	sp|Q89ER4|SSUB_BRADU	33.641	217	120	9	344	551	40	241	1.80e-09	59.3
A0A001	sp|Q6F0V4|POTA_MESFL	27.511	229	143	7	344	560	6	223	1.93e-09	59.7
A0A001	sp|P47705|Y467_MYCGE	27.670	206	126	8	360	551	105	301	2.23e-09	59.3
A0A001	sp|Q6LPK2|LOLD_PHOPR	27.228	202	128	6	363	551	28	223	2.28e-09	58.2
A0A001	sp|Q54R52|ABCAA_DICDI	24.034	233	141	9	350	556	489	711	2.36e-09	60.5
A0A001	sp|Q737I0|Y2668_BACC1	25.926	216	145	6	360	562	22	235	2.71e-09	60.1
A0A001	sp|Q737I0|Y2668_BACC1	24.790	238	146	10	338	556	293	516	9.37e-09	58.5
A0A001	sp|Q8YJ04|THIQ_BRUME	30.986	213	121	9	364	562	24	224	2.72e-09	58.2
A0A001	sp|B5Z7I4|EGTV_HELPG	31.285	179	113	5	360	532	20	194	3.12e-09	57.4
A0A001	sp|Q3M5J9|SSUB_TRIV2	34.426	183	101	6	375	551	40	209	3.43e-09	58.2
A0A001	sp|Q1GBI9|ECFA2_LACDA	26.106	226	136	5	359	564	22	236	3.75e-09	58.5
A0A002	sp|Q9WYC4|Y288_THEMA	26.087	483	355	2	80	561	111	592	7.75e-68	230
A0A002	sp|P54719|YFIC_BACSU	25.229	547	400	4	8	550	51	592	7.41e-62	214
A0A002	sp|Q2YU20|Y1799_STAAB	25.953	551	387	8	19	554	27	571	3.02e-61	212
A0A002	sp|Q2LVL0|MSBA_SYNAS	25.627	558	395	8	5	553	34	580	4.62e-57	201
A0A002	sp|P9WQJ3|FATRP_MYCTU	27.743	483	340	5	76	554	150	627	2.39e-55	197
A0A002	sp|Q5PGH0|MSBA_SALPA	25.136	553	389	8	14	550	27	570	1.16e-53	191
A0A002	sp|Q2NUA5|MSBA_SODGM	26.182	550	376	11	21	556	45	578	1.30e-53	191
A0A002	sp|Q83LP0|MSBA_SHIFL	25.458	546	380	9	8	540	29	560	1.87e-53	191
A0A002	sp|P44407|MSBA_HAEIN	26.834	559	361	15	27	559	50	586	3.58e-53	190
A0A002	sp|P0C087|LKB14_MANHA	28.159	554	357	15	23	556	170	702	4.74e-53	192
A0A002	sp|Q9RCG7|PAXB_PASAE	28.391	553	357	15	23	556	173	705	2.37e-52	190
A0A002	sp|Q5E0F2|MSBA_ALIF1	25.911	494	340	6	73	551	89	571	7.85e-51	184
A0A002	sp|Q2A1U9|MSBA_FRATH	24.910	554	373	13	21	550	64	598	1.80e-50	183
A0A002	sp|Q5X498|MSBA_LEGPA	25.000	484	324	10	81	545	100	563	4.56e-50	182
A0A002	sp|O07550|YHEI_BACSU	25.941	478	340	7	81	550	93	564	6.70e-50	181
A0A002	sp|Q02592|HMT1_SCHPO	30.409	342	236	2	217	556	475	816	2.68e-49	182
A0A002	sp|P40416|ATM1_YEAST	26.170	577	374	15	11	556	115	670	4.36e-49	181
A0A002	sp|Q4FS42|MSBA_PSYA2	27.021	470	324	10	80	540	115	574	1.00e-47	175
A0A002	sp|Q20Z38|NDVA_RHOPB	28.288	555	373	8	20	558	33	578	1.27e-45	169
A0A002	sp|Q5B1Q2|ATM1_EMENI	26.250	560	373	12	11	545	132	676	2.26e-45	171
A0A002	sp|Q0WML0|AB27B_ARATH	25.767	489	349	8	61	540	132	615	7.18e-45	168
A0A002	sp|Q9NP58|ABCB6_HUMAN	31.561	301	205	1	251	550	516	816	1.45e-44	169
A0A002	sp|Q89A96|MDLB_BUCBP	20.670	537	390	11	21	540	38	555	1.24e-42	161
A0A002	sp|Q13BH6|NDVA_RHOPS	29.242	554	365	8	22	558	35	578	2.90e-42	160
A0A002	sp|Q8P8W4|MSBA_XANCP	27.778	486	339	8	76	554	98	578	6.60e-42	159
A0A002	sp|O70595|ABCB6_RAT	31.915	282	191	1	270	550	535	816	3.50e-41	159
A0A002	sp|P23886|CYDC_ECOLI	27.800	500	333	7	69	554	83	568	1.96e-38	149
A0A002	sp|Q28433|TAP1_GORGO	27.383	493	327	14	79	553	258	737	1.48e-37	148
A0A002	sp|Q10418|MESD_LEUME	24.820	556	378	13	8	545	176	709	2.53e-37	147
A0A002	sp|P59653|COMA_STRR6	23.363	565	405	10	2	554	165	713	4.58e-37	146
A0A002	sp|Q03727|COMA_STRPN	23.186	565	406	10	2	554	165	713	5.57e-37	146
A0A002	sp|Q8LPQ6|AB28B_ARATH	34.914	232	147	2	324	551	470	701	1.34e-32	133
A0A002	sp|P57551|MDLA_BUCAI	20.886	474	369	5	81	550	92	563	2.43e-30	125
A0A002	sp|P45082|CYDD_HAEIN	23.431	478	342	10	79	541	96	564	1.05e-24	108
A0A002	sp|Q8Y7R4|Y1207_LISMO	31.222	221	137	7	329	541	7	220	4.04e-23	99.4
A0A002	sp|Q03024|APRD_PSEAE	31.310	313	203	7	246	552	256	562	5.70e-23	103
A0A002	sp|Q49ZD9|ECFA2_STAS1	28.279	244	150	8	324	550	3	238	6.31e-23	99.4
A0A002	sp|Q04EY4|ECFA3_OENOB	29.218	243	144	8	324	548	3	235	1.39e-22	98.2
A0A002	sp|Q4ZV73|LOLD_PSEU2	35.371	229	123	10	324	538	9	226	6.69e-22	94.7
A0A002	sp|Q8Y454|ECFA1_LISMO	31.004	229	134	8	324	540	6	222	8.87e-22	95.5
A0A002	sp|Q71WH7|ECFA1_LISMF	31.441	229	133	8	324	540	6	222	1.10e-21	95.5
A0A002	sp|Q81IN8|METN2_BACCR	26.556	241	158	8	324	552	2	235	1.21e-21	96.7
A0A002	sp|Q5PFQ7|PHNT_SALPA	29.150	247	150	7	320	555	15	247	3.12e-21	95.9
A0A002	sp|Q8DQH4|FTSE_STRR6	28.767	219	133	6	333	539	13	220	3.94e-21	92.4
A0A002	sp|Q6GEL4|ECFA2_STAAR	27.917	240	152	9	324	548	3	236	4.25e-21	94.0
A0A002	sp|A0K5N5|METN1_BURCH	33.810	210	123	7	340	540	21	223	2.64e-20	92.8
A0A002	sp|P44785|METN_HAEIN	27.928	222	146	6	340	553	21	236	4.42e-20	92.0
A0A002	sp|Q8Z824|MACB_SALTI	29.482	251	142	9	334	560	18	257	5.69e-20	94.0
A0A002	sp|Q66CL2|MACB1_YERPS	30.380	237	136	9	324	543	5	229	6.01e-20	94.0
A0A002	sp|Q8R7Y5|ECFA2_CALS4	26.522	230	142	8	324	536	3	222	6.16e-20	90.5
A0A002	sp|Q5HIL5|METN1_STAAC	27.391	230	133	6	340	551	21	234	6.94e-20	91.3
A0A002	sp|Q0BH79|METN1_BURCM	33.971	209	124	6	340	540	21	223	7.42e-20	91.3
A0A002	sp|P0AAG3|GLTL_ECOLI	33.945	218	135	6	339	551	16	229	7.45e-20	89.4
A0A002	sp|Q8ELR4|POTA_OCEIH	28.287	251	153	8	317	555	1	236	1.86e-19	90.5
A0A002	sp|Q8GNH6|NODI_RHIML	32.189	233	146	8	318	545	29	254	3.30e-19	89.4
A0A002	sp|A3DJK3|ECFA1_ACET2	28.571	238	140	8	324	543	6	231	8.01e-19	87.0
A0A002	sp|Q1J982|ECFA1_STRPB	28.444	225	138	6	324	536	5	218	8.22e-19	87.0
A0A002	sp|Q8NY21|METN1_STAAW	26.522	230	135	6	340	551	21	234	1.05e-18	87.8
A0A002	sp|Q1JJC9|ECFA1_STRPC	28.000	225	139	6	324	536	5	218	1.10e-18	86.7
A0A002	sp|Q5X9B5|ECFA1_STRP6	28.000	225	139	6	324	536	5	218	1.12e-18	86.7
A0A002	sp|Q03P57|METN_LEVBA	25.991	227	144	6	340	553	26	241	1.37e-18	87.8
A0A002	sp|Q5FFT1|PSTB_EHRRG	25.833	240	154	6	328	551	11	242	1.83e-18	85.5
A0A002	sp|Q3KJS6|METN2_PSEPF	28.384	229	145	8	324	540	32	253	1.97e-18	87.4
A0A002	sp|Q5MK06|MACB_NEIGO	25.909	220	134	5	339	543	22	227	2.09e-18	89.0
A0A002	sp|Q5M1F6|METN_STRT1	25.877	228	140	6	340	549	25	241	2.36e-18	87.0
A0A002	sp|Q2YYM4|ECFA1_STAAB	27.232	224	149	7	324	540	8	224	2.56e-18	85.5
A0A002	sp|Q1CFV9|PHNC_YERPN	25.941	239	139	7	328	540	29	255	4.20e-18	84.7
A0A002	sp|Q7MFH3|Y4347_VIBVY	25.322	233	152	6	328	549	303	524	4.64e-18	87.8
A0A002	sp|Q7MFH3|Y4347_VIBVY	28.452	239	152	8	324	549	3	235	2.57e-17	85.5
A0A002	sp|P63364|PSTB1_LISIN	28.070	228	142	7	340	552	28	248	4.91e-18	84.3
A0A002	sp|Q3IS07|PSTB1_NATPD	30.729	192	112	5	340	518	53	236	6.55e-18	84.3
A0A002	sp|Q5X2Z8|LOLD_LEGPA	31.132	212	116	6	339	534	24	221	6.69e-18	83.2
A0A002	sp|Q8DY54|METN_STRA5	25.523	239	147	7	322	540	5	232	7.46e-18	85.5
A0A002	sp|Q832Y6|METN1_ENTFA	27.586	232	151	7	328	549	8	232	8.33e-18	85.5
A0A002	sp|Q9PF03|METN_XYLFA	28.230	209	135	6	340	540	21	222	8.45e-18	85.1
A0A002	sp|Q8E2L3|ECFA2_STRA3	29.958	237	142	9	323	543	2	230	1.26e-17	83.6
A0A002	sp|Q4ZZK0|METN2_PSEU2	27.966	236	155	7	324	549	34	264	1.36e-17	85.1
A0A002	sp|Q737I0|Y2668_BACC1	24.793	242	160	8	322	548	3	237	1.36e-17	86.3
A0A002	sp|Q737I0|Y2668_BACC1	24.597	248	166	5	324	561	300	536	2.49e-16	82.4
A0A002	sp|Q928L8|METN2_LISIN	30.476	210	126	8	343	541	24	224	1.46e-17	84.3
A0A002	sp|Q3JYF4|ECFA1_STRA1	29.204	226	135	8	324	536	5	218	1.64e-17	83.2
A0A002	sp|P55339|ECSA_BACSU	28.095	210	126	6	338	536	17	212	2.22e-17	82.0
A0A002	sp|Q57QD7|LOLD_SALCH	31.336	217	119	5	339	539	24	226	2.69e-17	81.6
A0A002	sp|Q4L884|ECFA2_STAHJ	26.383	235	144	9	324	539	3	227	3.18e-17	82.4
A0A002	sp|Q2ISN3|PHNC2_RHOP2	32.057	209	132	6	342	540	19	227	5.96e-17	81.3
A0A002	sp|P46903|NATA_BACSU	26.794	209	135	8	340	540	21	219	6.30e-17	80.9
A0A002	sp|Q7NC40|PSTB_MYCGA	26.432	227	145	5	340	551	94	313	7.40e-17	82.0
A0A002	sp|Q73R11|Y282_TREDE	25.726	241	160	8	328	556	6	239	8.03e-17	83.6
A0A002	sp|Q73R11|Y282_TREDE	29.384	211	129	6	339	543	283	479	1.98e-15	79.3
A0A002	sp|Q3JTS8|PSTB_BURP1	27.632	228	143	7	340	552	51	271	8.26e-17	81.3
A0A002	sp|P54592|YHCH_BACSU	31.068	206	125	7	339	538	19	213	8.52e-17	81.6
A0A002	sp|Q7VZ31|LOLD_BORPE	35.071	211	113	7	339	536	29	228	1.08e-16	79.7
A0A002	sp|Q57554|Y089_METJA	25.664	226	153	6	327	545	9	226	1.22e-16	80.1
A0A002	sp|Q895Y0|PSTB_CLOTE	27.313	227	144	6	340	552	19	238	1.36e-16	79.7
A0A002	sp|A7ZLX1|LSRA_ECO24	28.704	216	137	6	339	548	26	230	1.38e-16	81.3
A0A002	sp|Q58418|PSTB_METJA	29.825	228	138	7	340	552	21	241	1.80e-16	79.7
A0A002	sp|Q7VMV4|LOLD_HAEDU	29.114	237	134	6	324	548	5	219	1.80e-16	79.0
A0A002	sp|Q66AT7|ZNUC_YERPS	31.405	242	131	11	329	564	13	225	1.93e-16	79.3
A0A002	sp|Q0TMS8|ECFA2_CLOP1	25.424	236	148	10	324	541	3	228	2.02e-16	80.1
A0A002	sp|Q5P1F3|PSTB_AROAE	27.572	243	151	7	327	552	44	278	2.41e-16	79.7
A0A002	sp|A1JJ55|LSRA_YERE8	27.907	215	140	7	339	548	26	230	2.64e-16	82.0
A0A002	sp|Q8YJ04|THIQ_BRUME	32.314	229	125	11	324	540	7	217	3.02e-16	78.6
A0A002	sp|Q1C812|ZNUC_YERPA	31.405	242	131	11	329	564	13	225	3.04e-16	79.0
A0A002	sp|Q1AXT9|PSTB_RUBXD	32.990	194	108	7	340	518	48	234	3.49e-16	79.3
A0A002	sp|Q8XAY7|LSRA_ECO57	28.704	216	137	6	339	548	26	230	3.49e-16	81.6
A0A002	sp|Q8XAY7|LSRA_ECO57	25.000	204	145	4	340	536	279	481	7.89e-07	52.0
A0A002	sp|Q7MFE8|PSTB2_VIBVY	27.962	211	131	6	355	551	64	267	3.88e-16	79.0
A0A002	sp|Q9I6L0|CYSA_PSEAE	30.000	220	143	6	340	553	18	232	3.89e-16	80.1
A0A002	sp|Q5P6D5|MACB_AROAE	28.340	247	142	8	321	552	1	227	3.97e-16	81.6
A0A002	sp|Q3Z300|LOLD_SHISS	31.100	209	130	6	339	539	24	226	4.58e-16	77.8
A0A002	sp|Q1LPJ9|LOLD_CUPMC	32.669	251	135	10	306	539	15	248	5.72e-16	78.2
A0A002	sp|Q6LPK2|LOLD_PHOPR	28.241	216	125	5	339	538	24	225	6.35e-16	77.4
A0A002	sp|Q1GB17|POTA_LACDA	26.778	239	158	8	324	555	4	232	6.70e-16	79.7
A0A002	sp|Q9K8L5|PSTB_HALH5	24.904	261	173	9	308	552	14	267	6.77e-16	78.6
A0A002	sp|Q9V2C0|WTPC_PYRAB	26.695	236	148	7	324	549	2	222	7.26e-16	79.3
A0A002	sp|Q97EK9|ECFA2_CLOAB	26.667	225	139	9	324	531	3	218	7.93e-16	78.2
A0A002	sp|Q2EHL8|MACB_AGGAC	26.267	217	137	6	339	543	22	227	9.16e-16	80.9
A0A002	sp|Q9HPH7|Y1631_HALSA	31.628	215	127	7	336	541	13	216	9.74e-16	77.0
A0A002	sp|Q5FM17|PSTB2_LACAC	27.753	227	139	7	329	540	12	228	1.05e-15	77.4
A0A002	sp|Q28VL7|THIQ_JANSC	31.707	205	111	8	345	536	20	208	1.09e-15	76.6
A0A002	sp|Q2K6L3|UGPC1_RHIEC	28.169	213	130	7	338	540	17	216	1.14e-15	79.0
A0A002	sp|Q67JX3|ECFA1_SYMTH	31.200	250	149	9	322	556	4	245	1.26e-15	77.8
A0A002	sp|P0A2V8|PSTB3_STRPN	26.087	230	152	5	336	552	15	239	1.42e-15	77.0
A0A002	sp|B2K3G1|LSRA_YERPB	28.502	207	133	7	339	540	26	222	1.53e-15	79.7
A0A002	sp|Q21E72|PSTB_SACD2	29.048	210	124	8	323	517	47	246	1.63e-15	77.4
A0A002	sp|Q8D3V0|MALK_VIBVU	28.509	228	138	7	339	555	18	231	1.97e-15	78.2
A0A002	sp|P69880|PSTB_STAAW	25.439	228	148	6	340	552	52	272	1.97e-15	77.0
A0A002	sp|Q60AI1|POTA_METCA	33.585	265	151	11	298	555	8	254	2.01e-15	78.6
A0A002	sp|Q5LX21|UGPC_RUEPO	30.736	231	135	9	336	555	15	231	2.08e-15	78.2
A0A002	sp|P94440|LNRL_BACSU	25.225	222	141	8	337	547	14	221	2.11e-15	77.4
A0A002	sp|Q0IAC3|PSTB_SYNS3	28.218	202	123	6	329	518	25	216	2.41e-15	76.6
A0A002	sp|Q9L0Q1|MSIK_STRCO	28.384	229	141	6	337	555	18	233	2.53e-15	78.2
A0A002	sp|Q2FYQ8|NIKE_STAA8	27.679	224	138	6	324	539	2	209	2.54e-15	75.9
A0A002	sp|Q2FH58|NIKE_STAA3	27.679	224	138	6	324	539	2	209	2.54e-15	75.9
A0A002	sp|Q1GBI9|ECFA2_LACDA	30.476	210	123	10	324	518	3	204	2.94e-15	76.6
A0A002	sp|Q89ER4|SSUB_BRADU	31.466	232	125	10	317	539	38	244	4.90e-15	75.9
A0A002	sp|Q2J3T0|HMUV_RHOP2	30.769	221	119	7	339	540	19	224	5.66e-15	75.5
A0A002	sp|Q83MG3|THIQ_SHIFL	29.245	212	139	7	344	551	19	223	7.70e-15	74.3
A0A002	sp|Q74E68|PSTB_GEOSL	25.424	236	152	6	333	551	19	247	7.80e-15	74.7
A0A002	sp|P47705|Y467_MYCGE	27.404	208	133	5	339	537	104	302	7.88e-15	75.9
A0A002	sp|O66646|LOLD_AQUAE	29.018	224	124	6	332	539	16	220	8.01e-15	73.9
A0A002	sp|Q31VE6|NIKE_SHIBS	27.706	231	152	8	332	550	20	247	8.18e-15	75.1
A0A002	sp|Q2SRI2|ECFA2_MYCCT	27.193	228	148	7	327	540	10	233	9.81e-15	75.1
A0A002	sp|O34338|MNTB_BACSU	29.258	229	130	8	324	537	4	215	1.06e-14	74.3
A0A002	sp|Q66D71|MODC_YERPS	31.579	190	111	5	355	536	29	207	1.10e-14	75.9
A0A002	sp|Q2NSZ1|MACB_SODGM	26.872	227	152	5	322	539	4	225	1.19e-14	77.0
A0A002	sp|Q5YZY9|CYSA_NOCFA	31.696	224	130	7	340	553	17	227	1.42e-14	75.1
A0A002	sp|Q11D92|THIQ_CHESB	32.314	229	126	11	324	540	10	221	1.42e-14	73.9
A0A002	sp|Q0T8D1|THIQ_SHIF8	29.245	212	139	7	344	551	19	223	1.48e-14	73.6
A0A002	sp|Q10YP7|PSTB_TRIEI	25.424	236	153	5	322	542	15	242	1.57e-14	74.3
A0A002	sp|A0R8K9|ECFA2_BACAH	27.542	236	142	7	324	540	3	228	1.58e-14	74.7
A0A002	sp|Q8REE1|MGLA_FUSNN	28.241	216	136	6	336	537	269	479	1.60e-14	76.3
A0A002	sp|Q8REE1|MGLA_FUSNN	23.041	217	137	8	335	535	18	220	8.44e-10	61.6
A0A002	sp|Q9KLL9|MODC_VIBCH	30.769	195	116	6	354	540	30	213	1.61e-14	75.5
A0A002	sp|Q8XHV2|ECFA1_CLOPE	26.068	234	135	5	326	540	13	227	1.68e-14	74.3
A0A002	sp|Q0TMS7|ECFA1_CLOP1	26.068	234	135	5	326	540	13	227	1.68e-14	74.3
A0A002	sp|Q8Y0C6|LOLD_RALN1	34.545	220	108	8	339	539	41	243	1.69e-14	73.6
A0A002	sp|Q7W8Q6|PSTB_BORPA	27.511	229	142	9	340	552	27	247	1.84e-14	73.9
A0A002	sp|Q9KTJ5|METN_VIBCH	24.597	248	150	10	333	559	12	243	1.99e-14	75.1
A0A002	sp|Q88C57|PSTB2_PSEPK	26.692	266	165	8	303	552	15	266	2.27e-14	73.9
A0A002	sp|Q1MCN6|UGPC1_RHIJ3	28.384	229	139	8	338	555	17	231	2.28e-14	75.1
A0A002	sp|Q9RR46|GBUA_LISM4	26.339	224	140	6	344	553	47	259	2.46e-14	75.1
A0A002	sp|P36947|RBSA_BACSU	28.169	213	130	9	339	538	17	219	2.69e-14	75.5
A0A002	sp|P36947|RBSA_BACSU	25.822	213	140	6	340	539	267	474	7.57e-12	67.8
A0A002	sp|Q634R8|PSTB_BACCZ	25.439	228	148	5	340	552	40	260	2.69e-14	73.6
A0A002	sp|A1K323|MACB_AZOSB	28.340	247	142	8	319	550	15	241	3.23e-14	75.9
A0A002	sp|Q2KVN7|PSTB_BORA1	28.866	194	115	8	340	518	27	212	3.54e-14	72.8
A0A002	sp|Q5KX47|PSTB_GEOKA	27.193	228	144	7	340	552	41	261	3.96e-14	73.2
A0A002	sp|Q8YUV1|PHNC1_NOSS1	27.556	225	133	7	337	540	19	234	4.30e-14	72.8
A0A002	sp|Q03ZL6|ECFA1_LEUMM	25.203	246	151	8	321	553	2	227	4.82e-14	72.8
A0A002	sp|Q0ASQ1|PHNC_MARMM	30.802	237	125	11	329	540	15	237	5.66e-14	72.4
A0A002	sp|Q8TIX0|Y4020_METAC	26.038	265	160	9	305	549	24	272	5.94e-14	73.2
A0A002	sp|Q2FNX9|ECFA1_METHJ	25.439	228	148	5	333	549	13	229	5.97e-14	72.4
A0A002	sp|Q9Z411|PSTB_PSEPU	28.631	241	147	8	328	552	35	266	6.44e-14	72.4
A0A002	sp|Q0TFU2|MGLA_ECOL5	26.364	220	133	7	337	537	276	485	6.50e-14	74.3
A0A002	sp|Q0TFU2|MGLA_ECOL5	26.484	219	127	9	335	535	24	226	4.11e-12	68.9
A0A002	sp|A1UG51|POTA_MYCSK	28.151	238	159	7	322	555	15	244	7.49e-14	73.6
A0A002	sp|Q3JSR6|SSUB_BURP1	32.883	222	128	8	319	537	69	272	7.61e-14	73.2
A0A002	sp|Q9AB70|PHNC_CAUVC	29.032	217	130	6	343	540	25	236	7.77e-14	72.0
A0A002	sp|A3CMQ7|POTA_STRSV	27.755	245	153	8	322	555	4	235	8.42e-14	73.6
A0A002	sp|Q88YK7|PSTB2_LACPL	26.667	210	132	7	355	549	35	237	8.62e-14	71.6
A0A002	sp|Q3KKA1|ZNUC_PSEPF	30.303	231	125	8	324	549	13	212	9.77e-14	71.6
A0A002	sp|Q87S48|PSTB1_VIBPA	26.754	228	145	5	340	552	41	261	1.05e-13	71.6
A0A002	sp|Q1CC21|MALK_YERPA	27.232	224	146	7	339	555	18	231	1.25e-13	72.8
A0A002	sp|P19566|MALK_SALTY	28.261	230	142	7	336	555	15	231	1.28e-13	72.8
A0A002	sp|Q5LZU2|PSTB2_STRT1	27.919	197	121	6	333	515	14	203	1.28e-13	71.2
A0A002	sp|Q2W8B4|PSTB1_PARM1	26.957	230	145	6	336	549	24	246	1.36e-13	71.2
A0A002	sp|Q8DPB4|PSTB2_STRR6	26.267	217	138	6	316	518	13	221	1.50e-13	71.2
A0A002	sp|Q88RL1|ZNUC_PSEPK	30.043	233	130	9	324	549	6	212	1.52e-13	70.9
A0A002	sp|P69876|POTA_ECO57	30.769	247	150	11	318	555	11	245	1.53e-13	72.4
A0A002	sp|Q4UV71|LOLD_XANC8	31.797	217	118	8	338	538	31	233	1.62e-13	70.5
A0A002	sp|Q6F0V4|POTA_MESFL	26.027	219	147	7	339	551	20	229	2.30e-13	71.6
A0A002	sp|Q5H0G3|LOLD_XANOR	31.818	220	114	8	338	538	36	238	2.30e-13	70.1
A0A002	sp|Q54R52|ABCAA_DICDI	26.906	223	127	9	340	540	502	710	2.44e-13	73.2
A0A002	sp|Q1RD28|POTA_ECOUT	30.579	242	148	10	322	555	16	245	2.57e-13	72.0
A0A002	sp|A0K739|SSUB1_BURCH	32.906	234	130	10	309	537	50	261	2.81e-13	71.2
A0A002	sp|Q3M5J9|SSUB_TRIV2	29.565	230	127	8	319	536	3	209	2.92e-13	70.1
A0A002	sp|Q8YDH1|Y205_BRUME	30.870	230	120	8	343	549	92	305	2.96e-13	71.6
A0A002	sp|P75612|Y081_MYCPN	24.336	226	141	8	339	552	250	457	3.28e-13	72.0
A0A002	sp|Q7VZE5|CYSA_BORPE	29.911	224	138	6	340	553	18	232	3.31e-13	71.2
A0A002	sp|Q6RCE0|PHNC_STUST	29.730	222	135	9	337	540	17	235	3.45e-13	70.5
A0A002	sp|Q1MAA2|RGMG_RHIJ3	29.187	209	135	6	339	536	287	493	5.22e-13	71.6
A0A002	sp|Q1MAA2|RGMG_RHIJ3	25.625	160	104	6	340	491	39	191	1.06e-06	51.6
A0A002	sp|Q4K9A4|PVDT_PSEF5	26.606	218	141	6	332	539	18	226	5.53e-13	72.0
A0A002	sp|Q8DQY5|Y430_STRR6	28.033	239	152	9	324	548	6	238	6.21e-13	71.6
A0A002	sp|Q665B6|SSUB_YERPS	28.571	224	138	7	317	536	7	212	7.00e-13	69.3
A0A002	sp|P68187|MALK_ECOLI	27.753	227	141	7	339	555	18	231	7.31e-13	70.5
A0A002	sp|P68188|MALK_ECO57	27.753	227	141	7	339	555	18	231	7.31e-13	70.5
A0A009HL96	sp|A0A0H2UQ68|WALR_STRPN	37.288	236	134	7	13	239	2	232	7.36e-40	137
A0A009HL96	sp|Q52990|PHOB_RHIME	36.957	230	133	6	15	239	5	227	9.88e-40	137
A0A009HL96	sp|G3XCY6|GLTR_PSEAE	33.476	233	141	7	13	237	6	232	5.67e-38	133
A0A009HL96	sp|P23620|PHOB_PSEAE	34.483	232	139	6	13	239	4	227	1.48e-37	131
A0A009HL96	sp|P0C000|ARLR_STAAM	35.135	222	134	4	15	235	4	216	1.39e-35	126
A0A009HL96	sp|Q2FH23|ARLR_STAA3	35.135	222	134	4	15	235	4	216	1.39e-35	126
A0A009HL96	sp|P45189|PHOB_HAEIN	34.188	234	132	6	15	239	5	225	2.64e-35	125
A0A009HL96	sp|P0AA17|OMPR_ECOL6	30.702	228	147	6	15	235	7	230	4.90e-35	125
A0A009HL96	sp|A0A0H3NGY1|OMPR_SALTS	30.702	228	147	6	15	235	7	230	4.90e-35	125
A0A009HL96	sp|P28257|YCF27_GALSU	32.751	229	142	5	15	235	10	234	1.53e-34	124
A0A009HL96	sp|Q9I0I1|CARR_PSEAE	31.556	225	140	6	15	236	3	216	2.76e-32	117
A0A009HL96	sp|A6WZ81|CTRA_BRUA4	33.190	232	143	6	15	242	3	226	8.97e-32	116
A0A009HL96	sp|Q5HPC3|ARLR_STAEQ	36.771	223	129	4	15	235	4	216	4.10e-31	114
A0A009HL96	sp|Q99RR6|HSSR_STAAM	31.278	227	148	3	16	241	5	224	9.65e-31	114
A0A009HL96	sp|P0A4H8|CIAR_STRR6	31.858	226	142	6	15	237	4	220	1.16e-28	108
A0A009HL96	sp|P0CAW8|CTRA_CAUVC	31.441	229	147	5	15	240	3	224	5.52e-28	106
A0A009HL96	sp|Q9KM23|VXRB_VIBCH	32.743	226	139	6	13	237	30	243	1.20e-26	103
A0A009HL96	sp|P9WGM1|PRRA_MYCTU	30.660	212	141	3	28	237	23	230	8.40e-26	100
A0A009HL96	sp|Q9AE24|RPRY_BACFR	27.632	228	158	5	15	240	10	232	1.42e-25	100
A0A009HL96	sp|Q8CQ37|GRAR_STAES	27.928	222	155	3	15	235	3	220	3.40e-25	99.4
A0A009HL96	sp|Q55890|RPAA_SYNY3	29.694	229	154	4	15	238	4	230	1.97e-24	97.8
A0A009HL96	sp|E1WA34|TCTD_SALTS	29.870	231	142	6	15	239	3	219	1.14e-23	95.1
A0A009HL96	sp|P33112|SPAR_BACIU	30.837	227	144	7	15	238	4	220	2.14e-22	91.7
A0A009HL96	sp|Q5HI09|GRAR_STAAC	26.126	222	159	3	15	235	3	220	1.65e-21	89.4
A0A009HL96	sp|Q99VW2|GRAR_STAAN	26.126	222	159	3	15	235	3	220	3.48e-21	88.6
A0A009HL96	sp|Q1XDE4|YCF29_PYRYE	30.872	149	95	2	15	155	5	153	3.11e-17	77.8
A0A009HL96	sp|P55701|Y4XI_SINFN	24.091	220	158	4	21	238	7	219	8.97e-15	71.2
A0A009HL96	sp|Q06065|ATOC_ECOLI	35.652	115	73	1	15	128	7	121	1.21e-14	72.8
A0A009HL96	sp|Q9ZM64|CHEY1_HELPJ	32.203	118	75	3	15	127	3	120	1.80e-12	62.8
A0A009HL96	sp|A1W0A5|CHEY_CAMJJ	31.356	118	76	3	15	127	3	120	5.60e-12	61.6
A0A009HL96	sp|Q6H468|ORR11_ORYSJ	30.275	109	72	2	15	119	30	138	2.56e-11	60.1
A0A009HL96	sp|Q8D5Z6|LUXQ_VIBVU	34.579	107	68	1	15	119	736	842	1.28e-10	61.2
A0A009HL96	sp|P28787|NTRC_PROHU	30.714	140	90	6	11	146	2	138	3.49e-10	59.7
A0A009HL96	sp|P58253|SP0A_CLOAB	33.058	121	76	4	15	130	8	128	7.13e-10	58.2
A0A009HL96	sp|Q92HC2|NTRXL_RICCN	31.193	109	72	2	15	120	6	114	1.54e-09	57.8
A0A009HL96	sp|P96686|YDFI_BACSU	31.034	87	60	0	42	128	33	119	2.01e-09	56.2
A0A009HL96	sp|Q9KM66|CQSS_VIBCH	29.412	119	80	1	11	125	566	684	3.56e-09	57.0
A0A009HL96	sp|A9MBQ2|DIVK_BRUC2	27.966	118	82	1	13	127	3	120	7.22e-09	52.8
A0A009HL96	sp|A5VUU3|DIVK_BRUO2	27.966	118	82	1	13	127	3	120	7.22e-09	52.8
A0A009HL96	sp|Q0AYL3|CHEB1_SYNWW	30.070	143	88	6	13	146	4	143	1.01e-08	55.1
A0A009HL96	sp|Q9HV27|CDPD2_PSEAE	30.508	118	77	3	42	155	39	155	3.88e-08	53.5
A0A009HL96	sp|P26319|FIMZ_SALTY	29.474	95	66	1	39	132	32	126	5.04e-08	52.0
A0A009HL96	sp|Q65JK6|CHEB_BACLD	35.577	104	61	3	15	113	4	106	1.20e-07	52.0
A0A009HL96	sp|Q8DVB7|LYTR_STRMU	28.662	157	88	3	55	208	47	182	1.26e-07	51.2
A0A009HL96	sp|Q12YX1|CHEB_METBU	32.500	80	52	1	42	119	33	112	1.98e-07	51.2
A0A009HL96	sp|P62598|ARR12_ARATH	27.344	128	91	1	15	140	19	146	6.97e-07	50.1
A0A009HL96	sp|Q2KCH7|CHEY_RHIEC	23.932	117	85	2	15	127	9	125	2.93e-06	45.8
A0A009HL96	sp|A2X1N2|ORR24_ORYSI	28.205	117	82	1	15	129	31	147	3.18e-06	47.8
A0A009HL96	sp|O24864|CHEV1_HELPY	26.190	126	82	4	11	127	195	318	3.63e-06	47.4
A0A009HL96	sp|Q56128|RCSC_SALTI	28.972	107	74	2	9	113	820	926	8.32e-06	46.6
A0A009HLV9	sp|P28787|NTRC_PROHU	62.527	467	164	3	1	466	15	471	0.0	596
A0A009HLV9	sp|Q06065|ATOC_ECOLI	41.336	479	237	10	1	469	16	460	2.67e-115	347
A0A009HLV9	sp|P23747|ALGB_PSEAE	40.000	360	210	3	1	359	24	378	2.56e-81	259
A0A009HLV9	sp|Q43965|MOPR_ACIGI	38.440	359	196	4	108	465	225	559	2.81e-73	241
A0A009HLV9	sp|P71229|HYFR_ECOLI	38.606	373	193	5	103	465	318	664	3.61e-73	244
A0A009HLV9	sp|Q92HC2|NTRXL_RICCN	30.957	491	295	10	1	478	15	474	8.80e-72	235
A0A009HLV9	sp|O87455|LUXO_VIBC3	39.560	364	193	5	109	465	175	518	4.48e-70	232
A0A009HLV9	sp|B4T3B0|NORR_SALNS	38.398	362	199	4	108	465	163	504	1.30e-68	228
A0A009HLV9	sp|A4STH5|NORR_AERS4	39.412	340	190	3	126	465	184	507	3.67e-68	226
A0A009HLV9	sp|B4TT16|NORR_SALSV	38.122	362	200	4	108	465	163	504	1.12e-67	225
A0A009HLV9	sp|Q3K999|SFNR_PSEPF	37.681	345	202	2	120	464	13	344	3.64e-67	220
A0A009HLV9	sp|B6I695|NORR_ECOSE	40.984	305	154	6	120	399	176	479	5.48e-66	221
A0A009HLV9	sp|Q0TEH1|NORR_ECOL5	40.656	305	155	6	120	399	176	479	8.42e-66	220
A0A009HLV9	sp|A8A3I6|NORR_ECOHS	38.244	353	185	4	120	465	176	502	1.53e-65	219
A0A009HLV9	sp|B7N6T9|NORR_ECOLU	45.455	242	129	1	120	358	176	417	1.60e-65	219
A0A009HLV9	sp|P59402|NORR_SHIFL	40.328	305	156	6	120	399	176	479	1.03e-64	217
A0A009HLV9	sp|Q9K4U8|NORR2_CUPNH	41.489	282	159	1	76	351	135	416	7.49e-63	213
A0A009HLV9	sp|Q5E3W8|NORR_ALIF1	44.118	238	133	0	121	358	183	420	2.25e-62	211
A0A009HLV9	sp|P36219|WTSA_PANSE	40.865	208	122	1	150	357	46	252	5.27e-47	165
A0A009HLV9	sp|P37931|HRPS_PSESY	41.627	209	113	3	145	349	26	229	6.55e-46	162
A0A009HLV9	sp|P37930|HRPR_PSESY	38.605	215	129	2	150	362	33	246	2.15e-43	155
A0A009HLV9	sp|P45512|DHAR_CITFR	30.530	321	181	7	152	468	351	633	1.27e-29	122
A0A009HLV9	sp|E1WA34|TCTD_SALTS	33.913	115	71	2	3	113	15	128	2.60e-13	69.3
A0A009HLV9	sp|P9WGM1|PRRA_MYCTU	31.148	122	81	2	5	124	23	143	6.32e-13	68.6
A0A009HLV9	sp|Q1XDE4|YCF29_PYRYE	27.841	176	118	5	4	171	13	187	3.11e-12	66.2
A0A009HLV9	sp|P0AA17|OMPR_ECOL6	26.744	172	109	4	1	167	16	175	7.64e-12	65.5
A0A009HLV9	sp|A0A0H3NGY1|OMPR_SALTS	26.744	172	109	4	1	167	16	175	7.64e-12	65.5
A0A009HLV9	sp|P0C000|ARLR_STAAM	36.275	102	63	2	5	106	17	116	1.64e-11	63.9
A0A009HLV9	sp|Q2FH23|ARLR_STAA3	36.275	102	63	2	5	106	17	116	1.64e-11	63.9
A0A009HLV9	sp|Q55890|RPAA_SYNY3	29.204	113	68	3	34	142	46	150	1.70e-10	61.2
A0A009HLV9	sp|P28257|YCF27_GALSU	27.027	111	80	1	1	111	19	128	2.62e-10	61.2
A0A009HLV9	sp|P0CAW8|CTRA_CAUVC	28.814	118	79	3	5	120	16	130	5.23e-10	59.7
A0A009HLV9	sp|P62598|ARR12_ARATH	36.842	95	57	2	4	96	31	124	3.71e-09	59.3
A0A009HLV9	sp|Q52990|PHOB_RHIME	30.392	102	67	2	4	102	17	117	9.57e-09	55.8
A0A009HLV9	sp|Q99RR6|HSSR_STAAM	30.612	98	66	2	9	106	21	116	2.22e-08	54.7
A0A009HLV9	sp|P45189|PHOB_HAEIN	29.245	106	72	2	11	114	24	128	2.61e-08	54.7
A0A009HLV9	sp|A0A0H2UQ68|WALR_STRPN	27.419	124	85	3	4	124	16	137	4.14e-08	54.3
A0A009HLV9	sp|Q9AE24|RPRY_BACFR	23.656	93	71	0	4	96	22	114	9.28e-08	53.1
A0A009HLV9	sp|Q0AYL3|CHEB1_SYNWW	40.278	72	40	2	22	91	38	108	1.00e-07	53.9
A0A009HLV9	sp|P33112|SPAR_BACIU	34.940	83	47	2	26	102	31	112	2.54e-07	51.6
A0A009HLV9	sp|A6UEL7|ACTR_SINMW	27.000	100	72	1	5	103	38	137	2.65e-07	51.2
A0A009HLV9	sp|A6WZ81|CTRA_BRUA4	29.661	118	78	3	5	120	16	130	2.73e-07	51.6
A0A009HLV9	sp|Q52376|GACA_PSEU2	31.532	111	72	2	16	122	30	140	3.77e-07	51.2
A0A009HLV9	sp|P23620|PHOB_PSEAE	26.733	101	72	1	1	99	15	115	5.54e-07	50.8
A0A009HLV9	sp|Q9ZM64|CHEY1_HELPJ	30.208	96	63	3	1	92	12	107	6.15e-07	48.5
A0A009HLV9	sp|A2X1N2|ORR24_ORYSI	31.579	95	62	2	4	96	43	136	1.13e-06	51.2
A0A009HLV9	sp|P55701|Y4XI_SINFN	30.435	92	60	2	16	107	28	115	1.28e-06	49.7
A0A009HLV9	sp|Q12IZ9|CHEB2_SHEDO	32.632	95	59	4	1	91	9	102	3.98e-06	48.9
A0A009HLV9	sp|Q8CQ37|GRAR_STAES	23.864	88	66	1	5	92	16	102	4.10e-06	48.1
A0A009HLV9	sp|Q9I6V9|CHEB2_PSEAE	34.247	73	45	2	21	91	36	107	6.54e-06	48.5
A0A009HLV9	sp|G3XCY6|GLTR_PSEAE	29.310	116	77	3	1	113	17	130	8.37e-06	47.4
A0A009HLV9	sp|Q9LYP5|ARR21_ARATH	27.778	90	61	2	4	91	30	117	9.80e-06	48.1
A0A009HN45	sp|A7MSB2|RAPA_VIBC1	28.632	234	153	4	122	346	107	335	3.29e-22	103
A0A009HN45	sp|A7MSB2|RAPA_VIBC1	36.434	129	71	5	525	647	490	613	1.31e-10	65.9
A0A009HN45	sp|A1A7A6|RAPA_ECOK1	30.928	194	123	5	165	353	155	342	2.23e-19	94.4
A0A009HN45	sp|A1A7A6|RAPA_ECOK1	38.053	113	65	3	532	641	498	608	1.61e-09	62.0
A0A009HN45	sp|A7ZW09|RAPA_ECOHS	30.928	194	123	5	165	353	155	342	2.29e-19	94.4
A0A009HN45	sp|A7ZW09|RAPA_ECOHS	38.053	113	65	3	532	641	498	608	1.61e-09	62.0
A0A009HN45	sp|A0KGL5|RAPA_AERHH	31.628	215	134	7	138	346	127	334	4.73e-19	93.2
A0A009HN45	sp|A0KGL5|RAPA_AERHH	36.842	114	69	3	530	641	484	596	1.22e-07	56.2
A0A009HN45	sp|Q5PDF0|RAPA_SALPA	32.086	187	116	4	165	346	155	335	8.40e-19	92.4
A0A009HN45	sp|Q5PDF0|RAPA_SALPA	38.938	113	64	3	532	641	498	608	3.02e-10	64.7
A0A009HN45	sp|P41410|RAD54_SCHPO	23.979	563	330	25	166	682	266	776	8.53e-19	92.0
A0A009HN45	sp|B5FI41|RAPA_SALDC	32.086	187	116	4	165	346	155	335	8.91e-19	92.4
A0A009HN45	sp|B5FI41|RAPA_SALDC	38.938	113	64	3	532	641	498	608	3.15e-10	64.3
A0A009HN45	sp|B0BT63|RAPA_ACTPJ	31.771	192	117	3	165	346	153	340	1.10e-18	92.0
A0A009HN45	sp|B0BT63|RAPA_ACTPJ	33.594	128	67	6	525	641	490	610	2.16e-06	52.0
A0A009HN45	sp|Q9HYT6|RAPA_PSEAE	28.384	229	151	3	138	361	129	349	1.30e-17	88.6
A0A009HN45	sp|Q9HYT6|RAPA_PSEAE	30.556	144	95	4	539	678	490	632	3.15e-07	54.7
A0A009HN45	sp|Q0HR19|RAPA_SHESR	30.108	186	120	4	165	346	154	333	1.64e-17	88.2
A0A009HN45	sp|Q0HR19|RAPA_SHESR	23.676	321	225	8	530	844	497	803	4.87e-09	60.5
A0A009HN45	sp|Q0HMR2|RAPA_SHESM	30.108	186	120	4	165	346	154	333	1.71e-17	88.2
A0A009HN45	sp|Q0HMR2|RAPA_SHESM	23.364	321	226	8	530	844	497	803	1.11e-08	59.3
A0A009HN45	sp|Q48LP5|RAPA_PSE14	27.103	214	151	2	138	350	128	337	1.28e-16	85.1
A0A009HN45	sp|Q48LP5|RAPA_PSE14	29.801	151	93	7	539	681	488	633	4.07e-06	51.2
A0A009HN45	sp|Q3KGV8|RAPA_PSEPF	27.064	218	146	3	138	350	128	337	2.23e-16	84.3
A0A009HN45	sp|Q3KGV8|RAPA_PSEPF	24.419	344	215	17	517	844	471	785	6.89e-07	53.5
A0A009HN45	sp|O42861|FFT3_SCHPO	23.518	523	317	23	181	654	406	894	1.39e-13	75.5
A0A009HN45	sp|F4IV45|CHR10_ARATH	26.103	272	155	11	500	742	366	620	1.23e-10	65.9
A0A009HN45	sp|Q95216|HLTF_RABIT	30.986	142	89	4	519	655	831	968	2.96e-10	64.7
A0A009HN45	sp|O16102|CHD3_DROME	35.246	122	70	4	539	655	604	721	1.78e-09	62.0
A0A009HN45	sp|P38086|RDH54_YEAST	27.439	164	109	7	495	655	643	799	4.83e-08	57.4
A0A009HN45	sp|A2XKG2|RH10_ORYSI	28.319	113	77	3	523	634	268	377	4.93e-07	53.5
A0A009HN45	sp|P32863|RAD54_YEAST	30.645	124	76	4	526	642	658	778	1.28e-06	52.8
A0A009HN45	sp|Q879Y6|RHLB_XYLFT	27.132	129	83	5	516	642	241	360	1.84e-06	52.0
A0A009HN45	sp|P9WH04|DEAD_MYCTO	24.260	169	119	6	524	687	238	402	2.07e-06	51.6
A0A009HN45	sp|Q4I662|DBP8_GIBZE	28.070	114	77	4	531	642	364	474	5.23e-06	50.4
A0A009HN45	sp|Q41741|IF4A_MAIZE	26.389	144	90	4	541	683	280	408	9.92e-06	49.3
A0A009HQC9	sp|Q9HYT6|RAPA_PSEAE	46.362	962	478	14	1	939	3	949	0.0	803
A0A009HQC9	sp|Q0HR19|RAPA_SHESR	44.547	972	494	11	4	939	3	965	0.0	793
A0A009HQC9	sp|Q0HMR2|RAPA_SHESM	44.342	972	496	11	4	939	3	965	0.0	791
A0A009HQC9	sp|Q3KGV8|RAPA_PSEPF	45.350	957	492	13	2	939	3	947	0.0	776
A0A009HQC9	sp|Q48LP5|RAPA_PSE14	44.142	956	505	10	2	939	3	947	0.0	768
A0A009HQC9	sp|A0KGL5|RAPA_AERHH	45.228	964	488	13	4	940	3	953	0.0	766
A0A009HQC9	sp|A7ZW09|RAPA_ECOHS	42.268	970	521	11	4	940	3	966	0.0	756
A0A009HQC9	sp|A1A7A6|RAPA_ECOK1	42.165	970	522	11	4	940	3	966	0.0	756
A0A009HQC9	sp|B5FI41|RAPA_SALDC	42.268	970	521	11	4	940	3	966	0.0	753
A0A009HQC9	sp|Q5PDF0|RAPA_SALPA	42.268	970	521	11	4	940	3	966	0.0	751
A0A009HQC9	sp|A7MSB2|RAPA_VIBC1	44.043	940	476	12	4	904	3	931	0.0	748
A0A009HQC9	sp|B0BT63|RAPA_ACTPJ	40.441	952	528	9	4	921	2	948	0.0	677
A0A009HQC9	sp|O16102|CHD3_DROME	24.229	454	291	15	176	597	288	720	3.21e-10	64.3
A0A009HQC9	sp|B2ZFP3|SMAL1_DANRE	22.609	460	298	15	175	621	356	770	3.08e-08	57.8
A0A009HPM0	sp|Q5I0C3|MCCA_RAT	46.796	671	343	7	4	662	47	715	0.0	603
A0A009HPM0	sp|Q612F5|PCCA_CAEBR	40.675	681	373	9	2	656	63	738	3.29e-158	473
A0A009HPM0	sp|O27939|PYCA_METTH	50.452	442	217	2	1	442	1	440	1.49e-148	440
A0A009HPM0	sp|Q58776|CARB2_METJA	23.729	236	172	4	90	324	178	406	1.05e-08	58.5
A0A009HPM0	sp|P29337|BCCP_STRMU	40.909	66	39	0	590	655	64	129	3.40e-08	52.8
A0A009HPM0	sp|Q8REV7|PUR2_FUSNN	25.000	216	134	7	96	293	83	288	6.49e-07	52.4
A0A009HPM0	sp|P02904|BCCP_PROFR	36.923	65	41	0	590	654	57	121	8.44e-07	48.5
A0A009IB02	sp|P10802|ODP2_AZOVI	45.821	670	314	12	3	659	5	638	1.03e-148	445
A0A009IB02	sp|P11961|ODP2_GEOSE	33.030	439	272	5	229	659	2	426	3.59e-58	202
A0A009IB02	sp|P11961|ODP2_GEOSE	38.462	78	46	1	1	76	3	80	2.04e-06	50.8
A0A009IB02	sp|Q68XI8|ODO2_RICTY	28.276	435	268	8	229	659	2	396	5.54e-40	151
A0A009IB02	sp|P22439|ODPX_BOVIN	25.490	459	288	15	230	653	57	496	5.21e-20	94.0
A0A009IB02	sp|Q9SQI8|ODP24_ARATH	28.803	309	187	11	359	653	185	474	1.73e-17	85.9
A0A009IB02	sp|P29337|BCCP_STRMU	41.379	58	34	0	244	301	72	129	8.93e-06	45.8
A0A010Q3W2	sp|O82266|SWA1_ARATH	26.742	531	353	11	11	531	20	524	1.28e-43	162
A0A010Q3W2	sp|Q7T0P4|POC1A_XENLA	32.353	204	127	5	86	287	106	300	9.27e-24	103
A0A010Q3W2	sp|Q7T0P4|POC1A_XENLA	28.986	207	94	7	123	285	59	256	1.13e-08	57.8
A0A010Q3W2	sp|P38129|TAF5_YEAST	31.579	228	137	9	76	299	519	731	6.54e-19	90.5
A0A010Q3W2	sp|Q5RE95|WDR5B_PONAB	33.333	153	93	5	135	285	93	238	1.94e-18	86.7
A0A010Q3W2	sp|Q5RE95|WDR5B_PONAB	30.935	139	91	4	64	201	149	283	1.19e-09	60.1
A0A010Q3W2	sp|D3ZW91|POC1B_RAT	28.922	204	134	5	86	287	106	300	2.45e-18	87.8
A0A010Q3W2	sp|D3ZW91|POC1B_RAT	28.095	210	98	6	120	285	56	256	1.48e-10	63.5
A0A010Q3W2	sp|D3ZW91|POC1B_RAT	26.923	182	121	6	116	294	9	181	6.84e-08	55.1
A0A010Q3W2	sp|Q6P2Y2|DAW1_XENTR	26.147	218	152	4	89	304	99	309	4.61e-17	83.6
A0A010Q3W2	sp|Q6P2Y2|DAW1_XENTR	28.467	137	91	2	64	200	285	414	2.35e-09	59.7
A0A010Q3W2	sp|Q2KIG2|WDR5_BOVIN	27.179	195	132	5	93	285	56	242	6.26e-17	82.4
A0A010Q3W2	sp|Q2KIG2|WDR5_BOVIN	33.094	139	88	4	64	201	153	287	7.09e-12	67.0
A0A010Q3W2	sp|D3Z7A5|DAW1_MOUSE	26.389	216	150	4	89	302	99	307	7.62e-16	79.7
A0A010Q3W2	sp|D3Z7A5|DAW1_MOUSE	24.818	137	96	2	64	200	285	414	6.54e-09	58.2
A0A010Q3W2	sp|D3Z7A5|DAW1_MOUSE	22.995	187	133	4	103	285	194	373	9.15e-08	54.7
A0A010Q3W2	sp|Q8HXX0|LIS1_MACFA	28.436	211	130	6	93	286	203	409	7.88e-15	76.6
A0A010Q3W2	sp|Q8HXX0|LIS1_MACFA	26.667	165	108	5	123	284	107	261	2.55e-08	56.2
A0A010Q3W2	sp|Q8HXX0|LIS1_MACFA	30.000	110	70	3	94	203	308	410	5.28e-06	48.9
A0A010Q3W2	sp|Q9PTR5|LIS1_CHICK	28.910	211	129	6	93	286	203	409	8.31e-15	76.6
A0A010Q3W2	sp|Q9PTR5|LIS1_CHICK	26.061	165	109	5	123	284	107	261	7.51e-08	55.1
A0A010Q3W2	sp|Q9PTR5|LIS1_CHICK	30.000	110	70	3	94	203	308	410	3.99e-06	49.3
A0A010Q3W2	sp|P43034|LIS1_HUMAN	27.962	211	131	6	93	286	203	409	1.46e-14	75.9
A0A010Q3W2	sp|P43034|LIS1_HUMAN	26.061	165	109	5	123	284	107	261	4.93e-08	55.5
A0A010Q3W2	sp|P43034|LIS1_HUMAN	30.000	110	70	3	94	203	308	410	5.38e-06	48.9
A0A010Q3W2	sp|P63004|LIS1_RAT	27.962	211	131	6	93	286	203	409	1.56e-14	75.9
A0A010Q3W2	sp|P63004|LIS1_RAT	26.061	165	109	5	123	284	107	261	4.97e-08	55.5
A0A010Q3W2	sp|P63004|LIS1_RAT	30.000	110	70	3	94	203	308	410	5.38e-06	48.9
A0A010Q3W2	sp|Q4R8E7|DAW1_MACFA	24.074	216	155	4	89	302	99	307	1.39e-12	69.7
A0A010Q3W2	sp|Q4R8E7|DAW1_MACFA	27.007	137	93	3	64	200	285	414	1.97e-09	60.1
A0A010Q3W2	sp|Q4R8E7|DAW1_MACFA	23.288	146	106	2	140	285	234	373	2.14e-07	53.5
A0A010Q3W2	sp|B4J8H6|WDR48_DROGR	25.758	264	174	9	55	304	43	298	6.48e-12	68.2
A0A010Q3W2	sp|A0A1P8AW69|KTN81_ARATH	22.707	229	166	4	70	296	4	223	1.44e-11	67.4
A0A010Q3W2	sp|Q8VYZ5|PWP2_ARATH	26.396	197	134	6	93	286	400	588	1.47e-11	67.4
A0A010Q3W2	sp|B8AP31|GBB_ORYSI	28.977	176	113	2	121	286	154	327	2.44e-11	65.9
A0A010Q3W2	sp|B8AP31|GBB_ORYSI	29.193	161	96	6	140	288	221	375	1.03e-09	60.5
A0A010Q3W2	sp|Q5VQ78|COB21_ORYSJ	25.668	187	128	5	103	285	36	215	4.47e-11	65.9
A0A010Q3W2	sp|P87053|POF1_SCHPO	29.932	147	90	4	140	285	326	460	9.42e-11	64.7
A0A010Q3W2	sp|P87053|POF1_SCHPO	30.137	146	86	5	140	284	407	537	1.44e-08	57.8
A0A010Q3W2	sp|P87053|POF1_SCHPO	27.632	152	84	5	163	307	269	401	5.11e-06	49.3
A0A010Q3W2	sp|B4GIJ0|WDR48_DROPE	24.621	264	177	9	55	304	43	298	3.10e-10	63.2
A0A010Q3W2	sp|Q7RY68|PFS2_NEUCR	25.641	234	154	7	49	279	113	329	3.27e-10	62.8
A0A010Q3W2	sp|P41811|COPB2_YEAST	24.034	233	167	6	63	291	36	262	6.75e-10	62.0
A0A010Q3W2	sp|P0CS42|LIS1_CRYNJ	22.177	248	160	6	64	285	129	369	1.56e-09	60.5
A0A010Q3W2	sp|P0CS42|LIS1_CRYNJ	32.143	112	60	2	106	202	323	433	6.64e-07	52.0
A0A010Q3W2	sp|P93107|PF20_CHLRE	27.358	212	109	5	115	286	317	523	1.98e-09	60.5
A0A010Q3W2	sp|P93107|PF20_CHLRE	26.667	195	134	4	94	287	380	566	6.11e-09	58.9
A0A010Q3W2	sp|G5EEG7|SMU1_CAEEL	23.721	215	142	7	23	225	198	402	2.40e-09	60.1
A0A010Q3W2	sp|Q9WUC8|PLRG1_RAT	21.030	233	164	7	64	290	228	446	4.04e-09	59.3
A0A010Q3W2	sp|Q6CKE8|PRP46_KLULA	27.559	127	84	3	140	265	180	299	5.91e-09	58.5
A0A010Q3W2	sp|Q7KNS3|LIS1_DROME	24.880	209	138	6	94	286	205	410	6.08e-09	58.2
A0A010Q3W2	sp|Q7KNS3|LIS1_DROME	23.490	149	107	2	140	287	123	265	3.35e-07	52.8
A0A010Q3W2	sp|Q7KNS3|LIS1_DROME	39.062	64	33	1	140	203	354	411	7.00e-07	52.0
A0A010Q3W2	sp|B4HSL3|LIS1_DROSE	24.880	209	138	6	94	286	205	410	6.08e-09	58.2
A0A010Q3W2	sp|B4HSL3|LIS1_DROSE	23.490	149	107	2	140	287	123	265	3.35e-07	52.8
A0A010Q3W2	sp|B4HSL3|LIS1_DROSE	39.062	64	33	1	140	203	354	411	7.00e-07	52.0
A0A010Q3W2	sp|C1GB49|LIS1_PARBD	28.571	126	72	3	94	203	222	345	2.47e-08	56.6
A0A010Q3W2	sp|C1GB49|LIS1_PARBD	25.269	186	118	6	113	287	107	282	2.04e-07	53.5
A0A010Q3W2	sp|P54313|GBB2_RAT	25.166	151	101	4	139	285	198	340	2.68e-08	55.8
A0A010Q3W2	sp|Q8TEB1|DCA11_HUMAN	20.988	243	135	8	93	285	276	511	2.71e-08	56.6
A0A010Q3W2	sp|P41318|LST8_YEAST	26.667	135	94	3	187	318	4	136	3.83e-08	55.1
A0A010Q3W2	sp|P41318|LST8_YEAST	27.568	185	93	7	140	285	5	187	1.71e-06	50.1
A0A010Q3W2	sp|Q9HAV0|GBB4_HUMAN	21.691	272	187	10	27	285	82	340	6.95e-08	54.7
A0A010Q3W2	sp|Q4R4I8|COPB2_MACFA	36.232	69	38	1	132	200	194	256	9.58e-08	55.1
A0A010Q3W2	sp|G1SJB4|RACK1_RABIT	28.378	148	97	3	141	285	79	220	1.99e-07	53.1
A0A010Q3W2	sp|Q9ERG2|STRN3_MOUSE	24.873	197	128	6	109	295	569	755	2.12e-07	53.9
A0A010Q3W2	sp|Q9NRL3|STRN4_HUMAN	28.272	191	116	10	106	284	525	706	3.93e-07	53.1
A0A010Q3W2	sp|D1ZEM6|LIS12_SORMK	27.119	177	111	5	123	288	122	291	4.10e-07	52.8
A0A010Q3W2	sp|D1ZEM6|LIS12_SORMK	27.545	167	86	7	94	235	230	386	6.14e-06	48.9
A0A010Q3W2	sp|Q6C709|PRP46_YARLI	23.196	194	140	4	73	265	123	308	4.39e-07	52.4
A0A010Q3W2	sp|Q9NYS7|WSB2_HUMAN	25.200	250	160	10	63	297	134	371	8.66e-07	51.6
A0A010Q3W2	sp|O42478|TLE4_XENLA	23.445	209	130	7	135	331	495	685	8.92e-07	52.0
A0A010Q3W2	sp|O22785|PR19B_ARATH	29.670	182	106	5	108	279	248	417	1.22e-06	51.2
A0A010Q3W2	sp|Q59WJ4|PFS2_CANAL	31.313	99	59	3	138	235	231	321	1.47e-06	51.2
A0A010Q3W2	sp|Q8BH57|WDR48_MOUSE	25.806	155	100	4	139	284	89	237	1.49e-06	51.2
A0A010Q3W2	sp|P36037|DOA1_YEAST	30.097	103	64	3	140	242	193	287	1.95e-06	50.8
A0A010Q3W2	sp|A0A1L8I2C5|CD20B_XENLA	22.059	272	181	13	28	285	260	514	2.08e-06	50.4
A0A010Q3W2	sp|A8XSW2|WDR48_CAEBR	23.377	154	104	4	140	285	105	252	2.08e-06	50.8
A0A010Q3W2	sp|Q5B563|SEC13_EMENI	30.508	177	88	9	140	285	28	200	2.37e-06	49.7
A0A010Q3W2	sp|B0W517|WDR12_CULQU	26.943	193	119	9	103	286	238	417	3.30e-06	49.7
A0A010Q3W2	sp|Q20059|WDR48_CAEEL	23.377	154	100	6	140	285	105	248	3.57e-06	50.1
A0A010Q3W2	sp|Q5ZJH5|SKI8_CHICK	26.220	164	114	5	18	177	82	242	3.60e-06	49.3
A0A010Q3W2	sp|Q4V7A0|SKI8_RAT	24.540	163	118	3	18	177	82	242	3.83e-06	48.9
A0A010Q3W2	sp|Q93134|GBLP_BIOGL	25.000	168	109	5	129	287	153	312	4.93e-06	48.9
A0A010Q8R4	sp|O74845|HIF2_SCHPO	23.372	261	166	9	443	697	270	502	8.54e-08	55.8
A0A010Q8R4	sp|O74845|HIF2_SCHPO	35.294	68	42	1	112	179	1	66	3.01e-06	50.8
